{
  "AWSTemplateFormatVersion": "2010-09-09",
  "Description": "{\"createdOn\":\"Mac\",\"createdBy\":\"Amplify\",\"createdWith\":\"10.5.1\",\"stackType\":\"function-Lambda\",\"metadata\":{}}",
  "Parameters": {
    "GROUP": {
      "Type": "String",
      "Default": ""
    },
    "modules": {
      "Type": "String",
      "Default": "",
      "Description": "Comma-delimited list of modules to be executed by a lambda trigger. Sent to resource as an env variable."
    },
    "resourceName": {
      "Type": "String",
      "Default": ""
    },
    "trigger": {
      "Type": "String",
      "Default": "true"
    },
    "functionName": {
      "Type": "String",
      "Default": ""
    },
    "roleName": {
      "Type": "String",
      "Default": ""
    },
    "parentResource": {
      "Type": "String",
      "Default": ""
    },
    "parentStack": {
      "Type": "String",
      "Default": ""
    },
    "env": {
      "Type": "String"
    },
    "deploymentBucketName": {
      "Type": "String"
    },
    "s3Key": {
      "Type": "String"
    },
    "apialumnifrontendGraphQLAPIIdOutput": {
      "Type": "String",
      "Default": "apialumnifrontendGraphQLAPIIdOutput"
    },
    "apialumnifrontendGraphQLAPIEndpointOutput": {
      "Type": "String",
      "Default": "apialumnifrontendGraphQLAPIEndpointOutput"
    },
    "apialumnifrontendGraphQLAPIKeyOutput": {
      "Type": "String",
      "Default": "apialumnifrontendGraphQLAPIKeyOutput"
    }
  },
  "Conditions": {
    "ShouldNotCreateEnvResources": {
      "Fn::Equals": [
        {
          "Ref": "env"
        },
        "NONE"
      ]
    }
  },
  "Resources": {
    "LambdaFunction": {
      "Type": "AWS::Lambda::Function",
      "Metadata": {
        "aws:asset:path": "./src",
        "aws:asset:property": "Code"
      },
      "Properties": {
        "Handler": "index.handler",
        "FunctionName": {
          "Fn::If": [
            "ShouldNotCreateEnvResources",
            "alumnifrontend88c8d6e7PostConfirmation",
            {
              "Fn::Join": [
                "",
                [
                  "alumnifrontend88c8d6e7PostConfirmation",
                  "-",
                  {
                    "Ref": "env"
                  }
                ]
              ]
            }
          ]
        },
        "Environment": {
          "Variables": {
            "ENV": {
              "Ref": "env"
            },
            "MODULES": {
              "Ref": "modules"
            },
            "REGION": {
              "Ref": "AWS::Region"
            },
            "GROUP": {
              "Ref": "GROUP"
            },
            "API_ALUMNIFRONTEND_GRAPHQLAPIIDOUTPUT": {
              "Ref": "apialumnifrontendGraphQLAPIIdOutput"
            },
            "API_ALUMNIFRONTEND_GRAPHQLAPIENDPOINTOUTPUT": {
              "Ref": "apialumnifrontendGraphQLAPIEndpointOutput"
            },
            "API_ALUMNIFRONTEND_GRAPHQLAPIKEYOUTPUT": {
              "Ref": "apialumnifrontendGraphQLAPIKeyOutput"
            }
          }
        },
        "Role": {
          "Fn::GetAtt": [
            "LambdaExecutionRole",
            "Arn"
          ]
        },
        "Runtime": "nodejs14.x",
        "Timeout": 25,
        "Code": {
          "S3Bucket": {
            "Ref": "deploymentBucketName"
          },
          "S3Key": {
            "Ref": "s3Key"
          }
        }
      }
    },
    "LambdaExecutionRole": {
      "Type": "AWS::IAM::Role",
      "Properties": {
        "RoleName": {
          "Fn::If": [
            "ShouldNotCreateEnvResources",
            "alumnifrontend88c8d6e7PostConfirmation",
            {
              "Fn::Join": [
                "",
                [
                  "alumnifrontend88c8d6e7PostConfirmation",
                  "-",
                  {
                    "Ref": "env"
                  }
                ]
              ]
            }
          ]
        },
        "AssumeRolePolicyDocument": {
          "Version": "2012-10-17",
          "Statement": [
            {
              "Effect": "Allow",
              "Principal": {
                "Service": [
                  "lambda.amazonaws.com"
                ]
              },
              "Action": [
                "sts:AssumeRole"
              ]
            }
          ]
        }
      }
    },
    "lambdaexecutionpolicy": {
      "DependsOn": [
        "LambdaExecutionRole"
      ],
      "Type": "AWS::IAM::Policy",
      "Properties": {
        "PolicyName": "lambda-execution-policy",
        "Roles": [
          {
            "Ref": "LambdaExecutionRole"
          }
        ],
        "PolicyDocument": {
          "Version": "2012-10-17",
          "Statement": [
            {
              "Effect": "Allow",
              "Action": [
                "logs:CreateLogGroup",
                "logs:CreateLogStream",
                "logs:PutLogEvents"
              ],
              "Resource": {
                "Fn::Sub": [
                  "arn:aws:logs:${region}:${account}:log-group:/aws/lambda/${lambda}:log-stream:*",
                  {
                    "region": {
                      "Ref": "AWS::Region"
                    },
                    "account": {
                      "Ref": "AWS::AccountId"
                    },
                    "lambda": {
                      "Ref": "LambdaFunction"
                    }
                  }
                ]
              }
            }
          ]
        }
      }
    },
    "AmplifyResourcesPolicy": {
      "DependsOn": [
        "LambdaExecutionRole"
      ],
      "Type": "AWS::IAM::Policy",
      "Properties": {
        "PolicyName": "amplify-lambda-execution-policy",
        "Roles": [
          {
            "Ref": "LambdaExecutionRole"
          }
        ],
        "PolicyDocument": {
          "Version": "2012-10-17",
          "Statement": [
            {
              "Effect": "Allow",
              "Action": [
                "appsync:GraphQL"
              ],
              "Resource": [
                {
                  "Fn::Join": [
                    "",
                    [
                      "arn:aws:appsync:",
                      {
                        "Ref": "AWS::Region"
                      },
                      ":",
                      {
                        "Ref": "AWS::AccountId"
                      },
                      ":apis/",
                      {
                        "Ref": "apialumnifrontendGraphQLAPIIdOutput"
                      },
                      "/types/Mutation/*"
                    ]
                  ]
                }
              ]
            }
          ]
        }
      }
    },
    "CustomLambdaExecutionPolicy": {
      "Type": "AWS::IAM::Policy",
      "Properties": {
        "PolicyName": "custom-lambda-execution-policy",
        "PolicyDocument": {
          "Version": "2012-10-17",
          "Statement": [
            {
              "Action": [
                "dynamodb:PutItem"
              ],
              "Resource": [
                {
                  "Fn::Sub": [
                    "arn:aws:dynamodb:*:*:table/User-*-${env}",
                    {
                      "env": {
                        "Ref": "env"
                      }
                    }
                  ]
                }
              ],
              "Effect": "Allow"
            }
          ]
        },
        "Roles": [
          {
            "Ref": "LambdaExecutionRole"
          }
        ]
      },
      "DependsOn": "LambdaExecutionRole"
    }
  },
  "Outputs": {
    "Name": {
      "Value": {
        "Ref": "LambdaFunction"
      }
    },
    "Arn": {
      "Value": {
        "Fn::GetAtt": [
          "LambdaFunction",
          "Arn"
        ]
      }
    },
    "LambdaExecutionRole": {
      "Value": {
        "Ref": "LambdaExecutionRole"
      }
    },
    "Region": {
      "Value": {
        "Ref": "AWS::Region"
      }
    }
  }
}