{
  "trigger": true,
  "modules": [
    "custom"
  ],
  "parentResource": "alumnifrontend88c8d6e7",
  "functionName": "alumnifrontend88c8d6e7PostConfirmation",
  "resourceName": "alumnifrontend88c8d6e7PostConfirmation",
  "parentStack": "auth",
  "triggerEnvs": [],
  "triggerDir": "/snapshot/repo/build/node_modules/@aws-amplify/amplify-category-auth/provider-utils/awscloudformation/triggers/PostConfirmation",
  "triggerTemplate": "PostConfirmation.json.ejs",
  "triggerEventPath": "PostConfirmation.event.json",
  "roleName": "alumnifrontend88c8d6e7PostConfirmation",
  "skipEdit": true,
  "enableCors": false,
  "permissions": {
    "api": {
      "alumnifrontend": [
        "Mutation"
      ]
    }
  }
}