{
  "trigger": true,
  "modules": [
    "custom"
  ],
  "parentResource": "alumnifrontend88c8d6e7",
  "functionName": "alumnifrontend88c8d6e7PostAuthentication",
  "resourceName": "alumnifrontend88c8d6e7PostAuthentication",
  "parentStack": "auth",
  "triggerEnvs": [],
  "triggerDir": "/snapshot/repo/build/node_modules/@aws-amplify/amplify-category-auth/provider-utils/awscloudformation/triggers/PostAuthentication",
  "triggerTemplate": "PostAuthentication.json.ejs",
  "triggerEventPath": "PostAuthentication.event.json",
  "roleName": "alumnifrontend88c8d6e7PostAuthentication",
  "skipEdit": true,
  "enableCors": false,
  "permissions": {
    "storage": {
      "storage": [
        "create",
        "read"
      ],
      "User:@model(appsync)": [
        "update"
      ]
    },
    "api": {
      "alumnifrontend": [
        "Query",
        "Mutation"
      ]
    }
  }
}