{
  "version": "1",
  "region": "eu-central-1",
  "userPoolId": "eu-central-1_haOCCayd5",
  "userName": "e2862b64-8ed1-46b5-aaea-c09fa7d47d8f",
  "callerContext": {
    "awsSdkVersion": "aws-sdk-unknown-unknown",
    "clientId": "7mbkr5fnsjpdr97i4a946evr2d"
  },
  "triggerSource": "PostConfirmation_ConfirmSignUp",
  "request": {
    "userAttributes": {
      "sub": "e2862b64-8ed1-46b5-aaea-c09fa7d47d8f",
      "email_verified": "true",
      "cognito:user_status": "CONFIRMED",
      "cognito:email_alias": "simsek97@gmail.com",
      "name": "Simsek",
      "phone_number_verified": "false",
      "family_name": "Mert",
      "email": "simsek97@gmail.com"
    }
  },
  "response": {}
}
