{
  "version": "1",
  "cognitoConfig": {
    "identityPoolName": "alumnifrontend88c8d6e7_identitypool_88c8d6e7",
    "allowUnauthenticatedIdentities": true,
    "resourceNameTruncated": "alumni88c8d6e7",
    "userPoolName": "alumnifrontend88c8d6e7_userpool_88c8d6e7",
    "autoVerifiedAttributes": [
      "email"
    ],
    "mfaConfiguration": "OFF",
    "mfaTypes": [
      "SMS Text Message"
    ],
    "smsAuthenticationMessage": "Your authentication code is {####}",
    "smsVerificationMessage": "Your verification code is {####}",
    "emailVerificationSubject": "Your verification code",
    "emailVerificationMessage": "Your verification code is {####}",
    "defaultPasswordPolicy": false,
    "passwordPolicyMinLength": 8,
    "passwordPolicyCharacters": [],
    "requiredAttributes": [
      "email"
    ],
    "aliasAttributes": [],
    "userpoolClientGenerateSecret": false,
    "userpoolClientRefreshTokenValidity": 30,
    "userpoolClientWriteAttributes": [
      "family_name",
      "name",
      "phone_number",
      "picture",
      "profile",
      "email"
    ],
    "userpoolClientReadAttributes": [
      "email",
      "family_name",
      "name",
      "phone_number",
      "picture",
      "profile"
    ],
    "userpoolClientLambdaRole": "alumni88c8d6e7_userpoolclient_lambda_role",
    "userpoolClientSetAttributes": false,
    "sharedId": "88c8d6e7",
    "resourceName": "alumnifrontend88c8d6e7",
    "authSelections": "identityPoolAndUserPool",
    "useDefault": "manual",
    "usernameAttributes": [
      "email"
    ],
    "triggers": {
      "PostAuthentication": [
        "custom"
      ],
      "PostConfirmation": [
        "custom"
      ],
      "PreAuthentication": [
        "custom"
      ],
      "PreSignup": [
        "custom"
      ]
    },
    "userPoolGroupList": [
      "User",
      "Admin"
    ],
    "serviceName": "Cognito",
    "usernameCaseSensitive": false,
    "useEnabledMfas": true,
    "authRoleArn": {
      "Fn::GetAtt": [
        "AuthRole",
        "Arn"
      ]
    },
    "unauthRoleArn": {
      "Fn::GetAtt": [
        "UnauthRole",
        "Arn"
      ]
    },
    "breakCircularDependency": true,
    "dependsOn": [
      {
        "category": "function",
        "resourceName": "alumnifrontend88c8d6e7PostAuthentication",
        "triggerProvider": "Cognito",
        "attributes": [
          "Arn",
          "Name"
        ]
      },
      {
        "category": "function",
        "resourceName": "alumnifrontend88c8d6e7PostConfirmation",
        "triggerProvider": "Cognito",
        "attributes": [
          "Arn",
          "Name"
        ]
      },
      {
        "category": "function",
        "resourceName": "alumnifrontend88c8d6e7PreAuthentication",
        "triggerProvider": "Cognito",
        "attributes": [
          "Arn",
          "Name"
        ]
      },
      {
        "category": "function",
        "resourceName": "alumnifrontend88c8d6e7PreSignup",
        "triggerProvider": "Cognito",
        "attributes": [
          "Arn",
          "Name"
        ]
      }
    ],
    "thirdPartyAuth": false,
    "userPoolGroups": true,
    "adminQueries": true,
    "hostedUI": false,
    "adminQueryGroup": "User",
    "authProviders": [],
    "parentStack": {
      "Ref": "AWS::StackId"
    },
    "permissions": [],
    "verificationBucketName": "alumnifrontend88c8d6e7verificationbucket",
    "authTriggerConnections": "[\n  {\n    \"triggerType\": \"PostAuthentication\",\n    \"lambdaFunctionName\": \"alumnifrontend88c8d6e7PostAuthentication\"\n  },\n  {\n    \"triggerType\": \"PostConfirmation\",\n    \"lambdaFunctionName\": \"alumnifrontend88c8d6e7PostConfirmation\"\n  },\n  {\n    \"triggerType\": \"PreAuthentication\",\n    \"lambdaFunctionName\": \"alumnifrontend88c8d6e7PreAuthentication\"\n  },\n  {\n    \"triggerType\": \"PreSignUp\",\n    \"lambdaFunctionName\": \"alumnifrontend88c8d6e7PreSignup\"\n  }\n]"
  }
}