{
  "trigger": true,
  "modules": [
    "custom"
  ],
  "parentResource": "alumnifrontend88c8d6e7",
  "functionName": "alumnifrontend88c8d6e7PreSignup",
  "resourceName": "alumnifrontend88c8d6e7PreSignup",
  "parentStack": "auth",
  "triggerEnvs": [],
  "triggerDir": "/snapshot/repo/build/node_modules/@aws-amplify/amplify-category-auth/provider-utils/awscloudformation/triggers/PreSignup",
  "triggerTemplate": "PreSignup.json.ejs",
  "triggerEventPath": "PreSignup.event.json",
  "roleName": "alumnifrontend88c8d6e7PreSignup",
  "skipEdit": true,
  "enableCors": false
}