{
  "version": 1,
  "serviceConfiguration": {
    "apiName": "alumnifrontend",
    "serviceName": "AppSync",
    "defaultAuthType": {
      "mode": "API_KEY",
      "expirationTime": 30,
      "apiKeyExpirationDate": "2023-01-03T21:29:42.185Z",
      "keyDescription": "ApiKey"
    },
    "additionalAuthTypes": [
      {
        "mode": "AMAZON_COGNITO_USER_POOLS",
        "cognitoUserPoolId": "authalumnifrontend88c8d6e7"
      },
      {
        "mode": "AWS_IAM"
      }
    ],
    "conflictResolution": {}
  }
}