{
  "auth": {
    "alumnifrontend88c8d6e7": {
      "service": "Cognito",
      "providerPlugin": "awscloudformation",
      "dependsOn": [
        {
          "category": "function",
          "resourceName": "alumnifrontend88c8d6e7PostAuthentication",
          "triggerProvider": "Cognito",
          "attributes": [
            "Arn",
            "Name"
          ]
        },
        {
          "category": "function",
          "resourceName": "alumnifrontend88c8d6e7PostConfirmation",
          "triggerProvider": "Cognito",
          "attributes": [
            "Arn",
            "Name"
          ]
        },
        {
          "category": "function",
          "resourceName": "alumnifrontend88c8d6e7PreAuthentication",
          "triggerProvider": "Cognito",
          "attributes": [
            "Arn",
            "Name"
          ]
        },
        {
          "category": "function",
          "resourceName": "alumnifrontend88c8d6e7PreSignup",
          "triggerProvider": "Cognito",
          "attributes": [
            "Arn",
            "Name"
          ]
        }
      ],
      "customAuth": false,
      "frontendAuthConfig": {
        "socialProviders": [],
        "usernameAttributes": [
          "EMAIL"
        ],
        "signupAttributes": [
          "EMAIL"
        ],
        "passwordProtectionSettings": {
          "passwordPolicyMinLength": 8,
          "passwordPolicyCharacters": []
        },
        "mfaConfiguration": "OFF",
        "mfaTypes": [
          "SMS"
        ],
        "verificationMechanisms": [
          "EMAIL"
        ]
      }
    },
    "userPoolGroups": {
      "service": "Cognito-UserPool-Groups",
      "providerPlugin": "awscloudformation",
      "dependsOn": [
        {
          "category": "auth",
          "resourceName": "alumnifrontend88c8d6e7",
          "attributes": [
            "UserPoolId",
            "AppClientIDWeb",
            "AppClientID",
            "IdentityPoolId"
          ]
        }
      ]
    }
  },
  "function": {
    "S3Trigger73b92967": {
      "service": "Lambda",
      "providerPlugin": "awscloudformation",
      "build": true
    },
    "AdminQueriesa1643cb4": {
      "service": "Lambda",
      "providerPlugin": "awscloudformation",
      "build": true,
      "dependsOn": [
        {
          "category": "auth",
          "resourceName": "alumnifrontend88c8d6e7",
          "attributes": [
            "UserPoolId"
          ]
        }
      ]
    },
    "alumnifrontend88c8d6e7PostAuthentication": {
      "build": true,
      "providerPlugin": "awscloudformation",
      "service": "Lambda",
      "dependsOn": [
        {
          "category": "storage",
          "resourceName": "storage",
          "attributes": [
            "BucketName"
          ]
        },
        {
          "category": "api",
          "resourceName": "alumnifrontend",
          "attributes": [
            "GraphQLAPIIdOutput"
          ]
        }
      ]
    },
    "alumnifrontend88c8d6e7PostConfirmation": {
      "build": true,
      "providerPlugin": "awscloudformation",
      "service": "Lambda",
      "dependsOn": [
        {
          "category": "api",
          "resourceName": "alumnifrontend",
          "attributes": [
            "GraphQLAPIIdOutput",
            "GraphQLAPIEndpointOutput",
            "GraphQLAPIKeyOutput"
          ]
        }
      ]
    },
    "alumnifrontend88c8d6e7PreAuthentication": {
      "build": true,
      "providerPlugin": "awscloudformation",
      "service": "Lambda"
    },
    "alumnifrontend88c8d6e7PreSignup": {
      "build": true,
      "providerPlugin": "awscloudformation",
      "service": "Lambda"
    },
    "getUserPicture": {
      "build": true,
      "providerPlugin": "awscloudformation",
      "service": "Lambda",
      "dependsOn": [
        {
          "category": "storage",
          "resourceName": "storage",
          "attributes": [
            "BucketName"
          ]
        }
      ]
    }
  },
  "storage": {
    "storage": {
      "service": "S3",
      "providerPlugin": "awscloudformation",
      "dependsOn": [
        {
          "category": "function",
          "resourceName": "S3Trigger73b92967",
          "attributes": [
            "Name",
            "Arn",
            "LambdaExecutionRole"
          ]
        }
      ]
    }
  },
  "api": {
    "alumnifrontend": {
      "service": "AppSync",
      "providerPlugin": "awscloudformation",
      "dependsOn": [
        {
          "category": "auth",
          "resourceName": "alumnifrontend88c8d6e7",
          "attributes": [
            "UserPoolId"
          ]
        }
      ],
      "output": {
        "authConfig": {
          "defaultAuthentication": {
            "authenticationType": "API_KEY",
            "apiKeyConfig": {
              "apiKeyExpirationDays": 30,
              "apiKeyExpirationDate": "2023-01-03T21:29:42.185Z",
              "description": "ApiKey"
            }
          },
          "additionalAuthenticationProviders": [
            {
              "authenticationType": "AMAZON_COGNITO_USER_POOLS",
              "userPoolConfig": {
                "userPoolId": "authalumnifrontend88c8d6e7"
              }
            },
            {
              "authenticationType": "AWS_IAM"
            }
          ]
        }
      }
    },
    "AdminQueries": {
      "service": "API Gateway",
      "providerPlugin": "awscloudformation",
      "authorizationType": "AMAZON_COGNITO_USER_POOLS",
      "dependsOn": [
        {
          "category": "auth",
          "resourceName": "alumnifrontend88c8d6e7",
          "attributes": [
            "UserPoolId"
          ]
        },
        {
          "category": "function",
          "resourceName": "AdminQueriesa1643cb4",
          "attributes": [
            "Arn",
            "Name"
          ]
        }
      ]
    }
  }
}